 INSERT INTO subscriptions(id, name, hour_credits, image_cost, voice_cost, context_length, show_in_shop, price) VALUES
      (0, 'STANDARD', 10, 0, 0, 10, 0, 0.0),
      (1, '🟤 BRONZE', 25, 9, 9, 10, 1, 89.89),
      (2, '⚪️ SILVER', 45, 7, 7, 15, 1, 239.99),
      (3, '🟡 GOLD', 80, 5, 5, 20, 1, 349.99),
      (4, '🔷 PLATINUM', 120, 3, 3, 30, 1, 499.99),
      (5, '❤️ ADMIN', 999999, 1, 1,999999, 1, 149999.99);

INSERT INTO models(id, name, internal_name, provider) VALUES
      (1, '💎 GEMINI 2.5', 'gemini-2.5-pro-exp-03-25', 'google'),
      (2, '💥GEMINI 2.5 FLASH', 'gemini-2.5-flash-exp-04-17', 'google'),
      (3, '💯GEMINI 2.0 FLASH THINKING EXP', 'gemini-2.0-flash-thinking-exp', 'google'),
      (4, '🔥GPT 4.1 NANO', 'gpt-4.1-nano', 'openai'),
      (5, '💥GPT 4.1 MINI', 'gpt-4.1-mini', 'openai'),
      (6, '💎GPT o1 mini', 'o1-mini', 'openai'),
      (7, '💯GPT o3 mini', 'o3-mini', 'openai'),
      (8, 'GEMINI 2.0 FLASH', 'gemini-2.0-flash', 'google'),
      (9, 'GEMINI 1.5 FLASH', 'gemini-1.5-flash', 'google'),
      (10, 'GEMINI 1.5 PRO', 'gemini-1.5-pro', 'google'),
      (11, 'GPT 4o', 'gpt-4o', 'openai'),
      (12, 'GPT 4o mini', 'gpt-4o-mini', 'openai');

INSERT INTO s_models(sub_id, model_id) VALUES
      (0, 5),
      (0, 11),
      (0, 12),
      (1, 4),
      (1, 5),
      (1, 11),
      (1, 12),
      (2, 4),
      (2, 5),
      (2, 8),
      (2, 9),
      (2, 10),
      (2, 11),
      (2, 12),
      (3, 1),
      (3, 4),
      (3, 5),
      (3, 8),
      (3, 9),
      (3, 10),
      (3, 11),
      (3, 12),
      (4, 1),
      (4, 2),
      (4, 3),
      (4, 4),
      (4, 5),
      (4, 6),
      (4, 7),
      (4, 8),
      (4, 9),
      (4, 10),
      (4, 11),
      (4, 12),
      (5, 1),
      (5, 2),
      (5, 3),
      (5, 4),
      (5, 5),
      (5, 6),
      (5, 7),
      (5, 8),
      (5, 9),
      (5, 10),
      (5, 11),
      (5, 12);
